{"val_loss":1.7400203496217728,"_runtime":526.878261107,"train_acc":99.06238279784974,"val_acc":42.65,"_timestamp":1.7449957660156486e+09,"epoch":25,"_step":24,"train_loss":0.1673817296349813,"_wandb":{"runtime":527}}