{"val_loss":1.9340402409434319,"_wandb":{"runtime":115},"_timestamp":1.74499604238008e+09,"epoch":25,"val_acc":32.9,"_step":24,"_runtime":115.897512355,"train_loss":1.7977431783676148,"train_acc":37.84223027878485}