{"_runtime":166.611908485,"_timestamp":1.7449988135100353e+09,"_step":24,"val_acc":29.5,"train_loss":1.9426970672607422,"_wandb":{"runtime":166},"epoch":25,"val_loss":1.997215449810028,"train_acc":31.853981747718464}