{"_step":22,"_runtime":275.470870573,"_wandb":{"runtime":283},"train_acc":65.94574321790223,"train_loss":1.1393767254693168,"val_loss":1.7564178258180618,"epoch":23,"_timestamp":1.7449967762217388e+09,"val_acc":40.75}