{"epoch":20,"train_loss":0.017942235715687274,"_runtime":133.529858756,"_timestamp":1.7450027106630566e+09,"train_acc":99.69996249531191,"val_acc":36.3,"val_loss":4.834881983697414,"_wandb":{"runtime":133},"_step":19}