{"_wandb":{"runtime":125},"train_acc":86.59832479059882,"val_acc":39.8,"val_loss":2.7779779585580977,"_runtime":125.901411892,"_step":24,"train_loss":0.39301812571287154,"_timestamp":1.744999490375864e+09,"epoch":25}