{"val_acc":19.4,"_timestamp":1.745003046758699e+09,"train_loss":2.173697618484497,"_step":19,"_wandb":{"runtime":120},"val_loss":2.1763185039162636,"_runtime":120.050053906,"train_acc":20.07750968871109,"epoch":20}