{"val_acc":24.4,"train_acc":25.21565195649456,"train_loss":2.0809341955184935,"_wandb":{"runtime":122},"_step":19,"_timestamp":1.7449950545523953e+09,"epoch":20,"val_loss":2.0850544571876526,"_runtime":122.659570377}