{"epoch":25,"_wandb":{"runtime":139},"train_loss":1.227044004201889,"train_acc":58.79484935616952,"_runtime":139.670124227,"_timestamp":1.744995913419547e+09,"val_loss":2.0717233741094194,"val_acc":33.45,"_step":24}