{"val_acc":14.65,"train_loss":2.552021993637085,"train_acc":15.639454931866483,"_wandb":{"runtime":667},"val_loss":2.463336132466793,"_timestamp":1.7450004587789602e+09,"_runtime":660.316106634,"_step":23,"epoch":24}