{"_runtime":242.729607788,"_step":24,"val_loss":2.2858207374811172,"_timestamp":1.744996487155671e+09,"val_acc":31.15,"_wandb":{"runtime":242},"train_acc":66.95836979622453,"epoch":25,"train_loss":1.0021855339171395}