{"epoch":25,"val_loss":1.9452243223786354,"_timestamp":1.7449979723030987e+09,"train_loss":0.25545601165294646,"_wandb":{"runtime":184},"train_acc":98.07475934491812,"_runtime":184.299967064,"_step":24,"val_acc":39.05}