{"train_loss":0.35055153250694276,"_wandb":{"runtime":186},"_runtime":186.307649272,"_step":24,"_timestamp":1.7449962360746338e+09,"val_loss":2.620070230215788,"val_acc":29.5,"train_acc":93.44918114764346,"epoch":25}