{"_runtime":220.662549026,"val_acc":29.15,"train_loss":0.5256175324320793,"train_acc":81.7852231528941,"_timestamp":1.7449977823968117e+09,"val_loss":4.5338244967990455,"_wandb":{"runtime":221},"_step":24,"epoch":25}