{"val_acc":29.7,"val_loss":4.9750509187579155,"_step":24,"epoch":25,"train_loss":0.068812085211277,"_timestamp":1.744998979532449e+09,"_wandb":{"runtime":153},"_runtime":153.760058476,"train_acc":98.06225778222277}