{"_timestamp":1.7450017150361605e+09,"_wandb":{"runtime":43},"_runtime":42.924767705,"_step":0,"Test Accuracy":3.125}