{"val_loss":2.0996326878666878,"_runtime":544.139566688,"_step":24,"epoch":25,"_timestamp":1.7449985217937114e+09,"_wandb":{"runtime":544},"train_loss":2.124332513809204,"train_acc":24.16552069008626,"val_acc":23.65}