{"_wandb":{"runtime":111},"train_acc":19.33991748968621,"epoch":25,"val_loss":2.22037073969841,"_timestamp":1.7449974026831465e+09,"_runtime":111.949356182,"_step":24,"val_acc":18.65,"train_loss":2.2031958866119385}