{"train_loss":0.5506266151666641,"_wandb":{"runtime":144},"val_acc":30.25,"_runtime":144.816190676,"val_loss":2.8328548594126626,"_step":21,"epoch":22,"_timestamp":1.744997551551371e+09,"train_acc":82.26028253531692}