{"val_acc":35.4,"_timestamp":1.745002564813088e+09,"train_loss":1.3322273726463318,"val_loss":1.8962712552812364,"_runtime":112.895991692,"_step":19,"epoch":20,"_wandb":{"runtime":112},"train_acc":56.794599324915616}