{"_timestamp":1.7449996744252555e+09,"val_acc":34.15,"_step":24,"epoch":25,"_runtime":176.986649671,"train_acc":99.06238279784974,"val_loss":2.027146466076374,"train_loss":0.2464896614551544,"_wandb":{"runtime":177}}