{"train_acc":16.17702212776597,"val_loss":2.2379235327243805,"val_acc":15.95,"epoch":20,"train_loss":2.2427841300964357,"_wandb":{"runtime":96},"_runtime":96.748777,"_timestamp":1.7449949278588622e+09,"_step":19}