{"_timestamp":1.7450034222973049e+09,"train_loss":1.4924786653518676,"val_acc":36,"epoch":20,"val_loss":1.92758010327816,"train_acc":48.08101012626578,"_runtime":158.885840894,"_wandb":{"runtime":159},"_step":19}