{"train_loss":0.15364231234788894,"train_acc":95.62445305663208,"_runtime":356.580745466,"_step":24,"epoch":25,"_wandb":{"runtime":357},"val_acc":42.5,"val_loss":2.6030424386262894,"_timestamp":1.7449972827512782e+09}