{"train_acc":17.589698712339043,"_wandb":{"runtime":108},"_step":24,"epoch":25,"train_loss":2.225123104095459,"val_acc":16.7,"_runtime":108.711511662,"val_loss":2.2234557941555977,"_timestamp":1.7449991256807454e+09}