{"_wandb":{"runtime":242},"val_loss":2.051092089168609,"_timestamp":1.7449948254477656e+09,"epoch":20,"_step":19,"val_acc":41.5,"_runtime":242.014707718,"train_loss":0.015764236398041247,"train_acc":99.98749843730467}