{"val_loss":2.211687333881855,"_wandb":{"runtime":108},"train_loss":2.2117305698394776,"_timestamp":1.7449986433759577e+09,"epoch":25,"val_acc":17.25,"_step":24,"train_acc":18.714839354919366,"_runtime":108.820141565}