{"train_acc":29.091136392049005,"_runtime":121.760947302,"epoch":20,"_wandb":{"runtime":121},"val_acc":25.8,"_timestamp":1.7449951806001446e+09,"_step":19,"val_loss":2.068131297826767,"train_loss":1.9968031721115111}