{"train_acc":32.629078634829355,"val_acc":25.55,"_step":24,"val_loss":2.0887629464268684,"epoch":25,"_wandb":{"runtime":111},"_runtime":111.268699512,"train_loss":1.8890673274993897,"_timestamp":1.7449997937542622e+09}