{"val_acc":36.05,"epoch":25,"train_loss":1.5793781223297119,"_wandb":{"runtime":225},"_timestamp":1.7449993580767488e+09,"train_acc":45.83072884110514,"_step":24,"val_loss":1.8984047079843187,"_runtime":225.834212291}