{"train_acc":98.56232029003625,"_wandb":{"runtime":204},"train_loss":0.05505416531860828,"val_loss":3.8611092418432236,"_step":19,"epoch":20,"val_acc":33.15,"_runtime":204.17052307,"_timestamp":1.7450032572852714e+09}